BEGIN TRANSACTION;
DROP TABLE IF EXISTS `User`;
CREATE TABLE IF NOT EXISTS `User` (
	`UserID`	INTEGER PRIMARY KEY AUTOINCREMENT,
	`Name`	TEXT NOT NULL,
	`Position`	TEXT,
	`Email`	TEXT NOT NULL
);
INSERT INTO `User` (UserID,Name,Position,Email) VALUES 
 (0,'Andrew Leonard','admin','aleonard@scu.edu'),
 (2,'Rowan Decker','admin','rdecker@scu.edu'),
 (3,'Chloe de Guzman','admin','cdeguzman@scu.edu');
DROP TABLE IF EXISTS `School`;
CREATE TABLE IF NOT EXISTS `School` (
	`SchoolID`	INTEGER PRIMARY KEY AUTOINCREMENT,
	`Name`	TEXT NOT NULL
);
INSERT INTO `School` (SchoolID,Name) VALUES 
 (1,'California State University, Bakersfield'),
 (2,'California State University, Channel Islands'),
 (3,'California State University, Chico'),
 (4,'California State University, Dominguez Hills'),
 (5,'California State University, East Bay'),
 (6,'California State University, Fresno'),
 (7,'California State University, Fullerton'),
 (8,'Humboldt State University'),
 (9,'California State University, Long Beach'),
 (10,'California State University, Los Angeles'),
 (11,'California State University Maritime Academy'),
 (12,'California State University, Monterey Bay'),
 (13,'California State University, Northridge'),
 (14,'California State Polytechnic University, Pomona'),
 (15,'California State University, Sacramento'),
 (16,'California State University, San Bernardino'),
 (17,'San Diego State University'),
 (18,'San Francisco State University'),
 (19,'San Jose State University'),
 (20,'California Polytechnic State University, San Luis Obispo'),
 (21,'California State University, San Marcos'),
 (22,'Sonoma State University'),
 (23,'California State University, Stanislaus');
DROP TABLE IF EXISTS `LocalCourse`;
CREATE TABLE IF NOT EXISTS `LocalCourse` (
	`CourseID`	INTEGER PRIMARY KEY AUTOINCREMENT,
	`Dept`	TEXT,
	`CourseNum`	TEXT,
	`Title`	TEXT
);
INSERT INTO `LocalCourse` (CourseID,Dept,CourseNum,Title) VALUES 
 (1,'COEN','200','Logic Analysis & Synthesis'),
 (2,'COEN','201','Digital Signal Processing I'),
 (3,'COEN','201E','Digital Signal Processing I and II'),
 (4,'COEN','202','Digital Signal Processing II'),
 (5,'COEN','203','VLSI Design I'),
 (6,'COEN','204','Vlsi Design II'),
 (7,'COEN','207','SoC (System on Chip) Verification'),
 (8,'COEN','208','SoC (System-on-Chip) Formal Verification Techniques'),
 (9,'COEN','210','Computer Architecture'),
 (10,'COEN','225','Secure Coding in C & C++'),
 (11,'COEN','233','Computer Networks'),
 (12,'COEN','234','Network Management'),
 (13,'COEN','239','Network Design Analysis'),
 (14,'COEN','240','Machine Learning'),
 (15,'COEN','241','Cloud Computing'),
 (16,'COEN','243','Internet of Things'),
 (17,'COEN','250','Information Security Management'),
 (18,'COEN','252','Computer Forensics'),
 (19,'COEN','253','Secure Systems Development and Evaluation'),
 (20,'COEN','260','Truth, Deduction, and Computation'),
 (21,'COEN','266','Artificial Intelligence'),
 (22,'COEN','268','Mobile Application Development'),
 (23,'COEN','272','Web Search and Information Retrieval'),
 (24,'COEN','275','Object Oriented Analysis Design Progect'),
 (25,'COEN','278','Advanced Web Programming'),
 (26,'COEN','279','Design & Analysis of Algorithms'),
 (27,'COEN','280','Database Systems'),
 (28,'COEN','281','Pattern Recognition and Data Mining'),
 (29,'COEN','283','Operating Systems'),
 (30,'COEN','285','Software Engineering'),
 (31,'COEN','286','Software Quality Assurance and Testing'),
 (32,'COEN','287','Software Dev Proc Mgmt'),
 (33,'COEN','288','Software Ethics'),
 (34,'COEN','290','Computer Graphics'),
 (35,'COEN','296','Topics in Computer Science and Engineering'),
 (36,'COEN','301','High-Level Synthesis'),
 (37,'COEN','303','Logic Design Using HDL'),
 (38,'COEN','304','Semi-Custom Design with Programmable Devices'),
 (39,'COEN','308','Design for Testability'),
 (40,'COEN','313','Advanced Computer Architecture'),
 (41,'COEN','315','Web Architecture & Protocols'),
 (42,'COEN','317','Distributed Systems'),
 (43,'COEN','329','Network Technology'),
 (44,'COEN','331','Wireless and Mobile Networks'),
 (45,'COEN','332','Wireless/Mobile Multimedia Networks'),
 (46,'COEN','335','High Performance Networking'),
 (47,'COEN','338','Image & Video Compression'),
 (48,'COEN','340','Digital Image Processing I'),
 (49,'COEN','344','Computer Vision I'),
 (50,'COEN','348E','Speech Coding, Speech Recognition and Biometrics Applications of Signal Processing'),
 (51,'COEN','350','Network Security'),
 (52,'COEN','351','Internet & E-Commerce Security'),
 (53,'COEN','379','Advanced Design and Analysis of Algorithms'),
 (54,'COEN','380','Advanced Database Systems'),
 (55,'COEN','383','Advanced Operating Systems'),
 (56,'COEN','385','Formal Methods in Software Engineering'),
 (57,'COEN','386','Software Architecture'),
 (58,'COEN','396','Advanced Topics in Computer Science and Engineering'),
 (59,'COEN','485','Software Engineering Capstone'),
 (60,'COEN','493','Directed Research'),
 (61,'COEN','497','Master''s Thesis Res'),
 (62,'COEN','498','Phd Thesis Research'),
 (63,'COEN','499','Independent Study'),
 (64,'COEN','912C','Abstract Data Types & Structures'),
 (65,'COEN','920C','Embedded Systems and Assembly Language'),
 (66,'COEN','921C','Introduction to Logic Design');
DROP TABLE IF EXISTS `ForeignCourse`;
CREATE TABLE IF NOT EXISTS `ForeignCourse` (
	`CourseID`	INTEGER PRIMARY KEY AUTOINCREMENT,
	`Dept`	TEXT,
	`CourseNum`	TEXT,
	`Title`	TEXT,
	`SchoolID`	INTEGER NOT NULL
);
INSERT INTO `ForeignCourse` (CourseID,Dept,CourseNum,Title,SchoolID) VALUES 
 (1,'CMPE','200','Computer Architecture',19),
 (2,'CMPE','202','Software Systems Engineering',19),
 (3,'CMPE','203','Software Engineering Management',19),
 (4,'CMPE','206','Computer Network Design',19),
 (5,'CMPE','207','Network Programming and Application',19),
 (6,'CMPE','208','Network Architecture and Protocols',19),
 (7,'CMPE','209','Network Security',19),
 (8,'CMPE','210','Software-defined Networks and Network Functions Virtualization',19),
 (9,'CMPE','212','System Verification',19),
 (10,'CMPE','213','Parallel Computing',19),
 (11,'CMPE','214','GPU Architecture and Programming',19),
 (12,'CMPE','217','Human Computer Interaction',19),
 (13,'CMPE','219','HCI for Cyber Security',19),
 (14,'CMPE','220','System Software',19),
 (15,'CMPE','225','Operating System Design',19),
 (16,'CMPE','226','Database Systems',19),
 (17,'CMPE','227','Distributed Systems',19),
 (18,'CMPE','235','Mobile Software System Design',19),
 (19,'CMPE','236','Mobile Web Application Systems',19),
 (20,'CMPE','237','Design of E-Commerce Systems',19),
 (21,'CMPE','240','Advanced Computer Design',19),
 (22,'CMPE','242','Embedded Hardware Design',19),
 (23,'CMPE','243','Embedded Systems Applications',19),
 (24,'CMPE','244','Embedded Software',19),
 (25,'CMPE','245','Embedded Wireless Architecture',19),
 (26,'CMPE','250','Computerized Robots',19),
 (27,'CMPE','253','Advanced Bioinformatics Computational Laboratory For Engineers',19),
 (28,'CMPE','255','Data Mining',19),
 (29,'CMPE','256','Large-Scale Analytics',19),
 (30,'CMPE','257','Machine Learning',19),
 (31,'CMPE','258','Deep Learning',19),
 (32,'CMPE','264','Advanced Digital and Computing System Design',19),
 (33,'CMPE','265','High Speed Digital System Design',19),
 (34,'CMPE','266','Big Data Engineering and Analytics',19),
 (35,'CMPE','270','Information Engineering',19),
 (36,'CMPE','271','Advanced Java Programming',19),
 (37,'CMPE','272','Enterprise Software Platforms',19),
 (38,'CMPE','273','Enterprise Distributed Systems',19),
 (39,'CMPE','274','Business Intelligence Technologies',19),
 (40,'CMPE','275','Enterprise Application Development',19),
 (41,'CMPE','276','XML for E-Business',19),
 (42,'CMPE','277','Smartphone Application Development',19),
 (43,'CMPE','279','Software Security Technologies',19),
 (44,'CMPE','280','Web UI Design and Development',19),
 (45,'CMPE','281','Cloud Technologies',19),
 (46,'CMPE','282','Cloud Services',19),
 (47,'CMPE','283','Virtualization Technologies',19),
 (48,'CMPE','284','Storage and Network Virtualization',19),
 (49,'CMPE','285','Software Engineering Processes',19),
 (50,'CMPE','287','Software Quality Assurance and Testing',19),
 (51,'CMPE','289','Cloud Security Engineering',19),
 (52,'CMPE','292','Int''l Program Studies',19),
 (53,'CMPE','294','Computer Engineering Seminar',19),
 (54,'CMPE','294A','Cyber Security Seminar',19),
 (55,'CMPE','295A','Master Project I',19),
 (56,'CMPE','295B','Master Project II',19),
 (57,'CMPE','295W','Master Project',19),
 (58,'CMPE','297','Special Topics in Computer/Software Engineering',19),
 (59,'CMPE','298','Special Problems',19),
 (60,'CMPE','298I','Computer/Software Engineering Internship',19),
 (61,'CMPE','299A','Master Thesis I',19),
 (62,'CMPE','299B','Master Thesis II',19),
 (63,'CS','200W','Graduate Technical Writing',19),
 (64,'CS','216','Geometric Modeling',19),
 (65,'CS','218','Topics in Cloud Computing',19),
 (66,'CS','223','Bioinformatics',19),
 (67,'CS','235','User Interface Design',19),
 (68,'CS','243A','Advanced Numerical Analysis',19),
 (69,'CS','243B','Advanced Topics in Numerical Analysis',19),
 (70,'CS','247','Advanced Computer Architecture',19),
 (71,'CS','249','Distributed Computing',19),
 (72,'CS','251A','Object-Oriented Analysis',19),
 (73,'CS','251B','Object-Oriented Design',19),
 (74,'CS','252','Advanced Programming Language Principles',19),
 (75,'CS','253','Advanced Compiler Design',19),
 (76,'CS','254','Theory of Computation',19),
 (77,'CS','255','Design and Analysis of Algorithms',19),
 (78,'CS','256','Topics in Artificial Intelligence',19),
 (79,'CS','257','Database System Principles',19),
 (80,'CS','258','Computer Communication Systems',19),
 (81,'CS','259','Advanced Parallel Processing',19),
 (82,'CS','262','Randomized Algorithms and Applications',19),
 (83,'CS','265','Cryptography and Computer Security',19),
 (84,'CS','266','Topics in Information Security',19),
 (85,'CS','267','Topics in Database Systems',19),
 (86,'CS','268','Topics in Wireless Mobile Networking',19),
 (87,'CS','274','Topics in XML and Web Intelligence',19),
 (88,'CS','280','Graduate Individual Studies',19),
 (89,'CS','286','Advanced Topics in Computer Science',19),
 (90,'CS','297','Preparation for Writing Project or Thesis',19),
 (91,'CS','298','Master''s Writing Project',19),
 (92,'CS','299','Master''s Thesis',19),
 (93,'CSC','720','Advanced Operating Systems',18),
 (94,'CSC','730','Advanced Database Systems',18),
 (95,'CSC','745','Computer Networks',18),
 (96,'CSC','746','High-Performance Computing',18),
 (97,'CSC','775','Introduction to Database Systems',18),
 (98,'CSC','780','Application Development for Mobile Devices',18),
 (99,'CSC','810','Analysis of Algorithms II',18),
 (100,'CSC','820','Natural Language Technologies',18),
 (101,'CSC','821','Biomedical Imaging & Analysis',18),
 (102,'CSC','825','Advanced Automata Theory',18),
 (103,'CSC','830','Advanced Computer Graphics',18),
 (104,'CSC','831','Multiplayer Game Develop',18),
 (105,'CSC','835','Distributed Systems',18),
 (106,'CSC','837','Advanced Sound Synthesis',18),
 (107,'CSC','840','Software Metrics and Quality Assurance',18),
 (108,'CSC','841','Computer Performance Evaluation',18),
 (109,'CSC','842','Advanced Human-Computer Interaction',18),
 (110,'CSC','845','Advanced Computer Networks',18),
 (111,'CSC','846','Systems Architecture',18),
 (112,'CSC','848','Software Engineering',18),
 (113,'CSC','849','Search Engines',18),
 (114,'CSC','850','Compiler Design',18),
 (115,'CSC','856','Advanced Computer Architecture',18),
 (116,'CSC','857','Bioinformatics Computing',18),
 (117,'CSC','858','Foundations of Biotechnology and Life Sciences',18),
 (118,'CSC','864','Multimedia Systems',18),
 (119,'CSC','867','Internet Application Design and Development',18),
 (120,'CSC','868','Advanced Object Oriented Software Design and Development',18),
 (121,'CSC','869','Data Mining',18),
 (122,'CSC','870','Computational Discrete Geometry',18),
 (123,'CSC','871','Neural Networks',18),
 (124,'CSC','872','Pattern Analysis and Machine Intelligence',18),
 (125,'CSC','875','Advanced Topics in Database Systems',18),
 (126,'CSC','890','Graduate Seminar',18),
 (127,'CSC','893','Supervised Industrial Research',18),
 (128,'CSC','895','Applied Research Project',18),
 (129,'CSC','897','Research',18),
 (130,'CSC','898','Masters Thesis',18),
 (131,'CSC','899','Independent Study',18);
DROP TABLE IF EXISTS `EquivCourse`;
CREATE TABLE IF NOT EXISTS `EquivCourse` (
	`EquivID`	INTEGER PRIMARY KEY AUTOINCREMENT,
	`LocalCourseID`	INTEGER NOT NULL,
	`ForeignCourseID`	INTEGER NOT NULL,
	`Status`	TEXT NOT NULL,
	`LockedBy`	INTEGER,
	`Notes`	TEXT
);
INSERT INTO `EquivCourse` (EquivID,LocalCourseID,ForeignCourseID,Status,LockedBy,Notes) VALUES
 (1,9,1,'accepted',0,''),
 (2,42,17,'accepted',2,''),
 (3,29,93,'accepted',3,''),
 (4,27,94,'accepted',NULL,''),
 (5,22,19,'rejected',0,''),
 (6,26,99,'accepted',2,''),
 (7,53,99,'rejected',3,''),
 (8,9,115,'accepted',NULL,''),
 (36,11,95,'accepted',0,''),
 (37,14,30,'accepted',2,''),
 (38,26,77,'accepted',3,''),
 (39,27,16,'accepted',NULL,''),
 (40,30,112,'accepted',0,''),
 (41,31,50,'accepted',2,''),
 (42,40,70,'accepted',3,''),
 (43,40,115,'accepted',NULL,''),
 (44,42,105,'accepted',0,''),
 (45,51,7,'accepted',2,''),
 (46,54,94,'accepted',3,''),
 (47,55,93,'accepted',NULL,''),
 (48,63,131,'rejected',NULL,'');
COMMIT;